Year,Make,Model ,Engine,SKU
2019,Ferrari,488 GTB,3.9 L F154CB,FBO_PRO_L-FE/SS/1
2019,Ferrari,488 Spider,3.9 L F154CB ,FBO_PRO_L-FE/SS/1
2019,Ferrari,488 GTB,3.9 L F154CB,FBO_PRO_L-FE/SS/2
2019,Ferrari,488 Spider,3.9 L F154CB ,FBO_PRO_L-FE/SS/2
2019,Ferrari,488 GTB,3.9 L F154CB,FBO_PRO_MTP-FE488H
2019,Ferrari,488 Spider,3.9 L F154CB,FBO_PRO_MTP-FE488H
2019,Ferrari,488 GTB,3.9 L F154CB,FBO_PRO_P-HF1082
2019,Ferrari,488 Spider,3.9 L F154CB,FBO_PRO_P-HF1082
2010,Ferrari,458 Italia,4.5 L P1306 ,FBO_PRO_L-FE/T/1
2010,Ferrari,458 Spider,4.5 L F136,FBO_PRO_L-FE/T/1
2010,Ferrari,458 Italia,4.5 L P1306 ,FBO_PRO_MTP-FE458H
2010,Ferrari,458 Spider,4.5 L F136,FBO_PRO_MTP-FE458H
2011,Ferrari,458 Italia,4.5 L P1306 ,FBO_PRO_L-FE/T/1
2011,Ferrari,458 Spider,4.5 L F136,FBO_PRO_L-FE/T/1
2011,Ferrari,458 Italia,4.5 L P1306 ,FBO_PRO_MTP-FE458H
2011,Ferrari,458 Spider,4.5 L F136,FBO_PRO_MTP-FE458H
2012,Ferrari,458 Italia,4.5 L P1306 ,FBO_PRO_L-FE/T/1
2012,Ferrari,458 Spider,4.5 L F136,FBO_PRO_L-FE/T/1
2012,Ferrari,458 Italia,4.5 L P1306 ,FBO_PRO_MTP-FE458H
2012,Ferrari,458 Spider,4.5 L F136,FBO_PRO_MTP-FE458H
2013,Ferrari,458 Italia,4.5 L P1306 ,FBO_PRO_L-FE/T/1
2013,Ferrari,458 Spider,4.5 L F136,FBO_PRO_L-FE/T/1
2013,Ferrari,458 Italia,4.5 L P1306 ,FBO_PRO_MTP-FE458H
2013,Ferrari,458 Spider,4.5 L F136,FBO_PRO_MTP-FE458H
2014,Ferrari,458 Italia,4.5 L P1306 ,FBO_PRO_L-FE/T/1
2014,Ferrari,458 Spider,4.5 L F136,FBO_PRO_L-FE/T/1
2014,Ferrari,458 Italia,4.5 L P1306 ,FBO_PRO_MTP-FE458H
2014,Ferrari,458 Spider,4.5 L F136,FBO_PRO_MTP-FE458H
2015,Ferrari,458 Italia,4.5 L P1306 ,FBO_PRO_L-FE/T/1
2015,Ferrari,458 Spider,4.5 L F136,FBO_PRO_L-FE/T/1
2015,Ferrari,458 Italia,4.5 L P1306 ,FBO_PRO_MTP-FE458H
2015,Ferrari,458 Spider,4.5 L F136,FBO_PRO_MTP-FE458H
2016,Ferrari,488 GTB,3.9 L F154CB,FBO_PRO_L-FE/SS/1
2016,Ferrari,488 Spider,3.9 L F154CB ,FBO_PRO_L-FE/SS/1
2016,Ferrari,488 GTB,3.9 L F154CB,FBO_PRO_L-FE/SS/2
2016,Ferrari,488 Spider,3.9 L F154CB ,FBO_PRO_L-FE/SS/2
2016,Ferrari,488 GTB,3.9 L F154CB,FBO_PRO_MTP-FE488H
2016,Ferrari,488 Spider,3.9 L F154CB ,FBO_PRO_MTP-FE488H
2016,Ferrari,488 GTB,3.9 L F154CB,FBO_PRO_P-HF1082
2016,Ferrari,488 Spider,3.9 L F154CB ,FBO_PRO_P-HF1082
2017,Ferrari,488 GTB,3.9 L F154CB,FBO_PRO_L-FE/SS/1
2017,Ferrari,488 Spider,3.9 L F154CB ,FBO_PRO_L-FE/SS/1
2017,Ferrari,488 GTB,3.9 L F154CB,FBO_PRO_L-FE/SS/2
2017,Ferrari,488 Spider,3.9 L F154CB ,FBO_PRO_L-FE/SS/2
2017,Ferrari,488 GTB,3.9 L F154CB,FBO_PRO_MTP-FE488H
2017,Ferrari,488 Spider,3.9 L F154CB ,FBO_PRO_MTP-FE488H
2017,Ferrari,488 GTB,3.9 L F154CB,FBO_PRO_P-HF1082
2017,Ferrari,488 Spider,3.9 L F154CB ,FBO_PRO_P-HF1082
2018,Ferrari,488 GTB,3.9 L F154CB,FBO_PRO_L-FE/SS/1
2018,Ferrari,488 Spider,3.9 L F154CB ,FBO_PRO_L-FE/SS/1
2018,Ferrari,488 GTB,3.9 L F154CB,FBO_PRO_L-FE/SS/2
2018,Ferrari,488 Spider,3.9 L F154CB ,FBO_PRO_L-FE/SS/2
2018,Ferrari,488 GTB,3.9 L F154CB,FBO_PRO_MTP-FE488H
2018,Ferrari,488 Spider,3.9 L F154CB ,FBO_PRO_MTP-FE488H
2018,Ferrari,488 GTB,3.9 L F154CB,FBO_PRO_P-HF1082
2018,Ferrari,488 Spider,3.9 L F154CB ,FBO_PRO_P-HF1082
